Views,Watch time (hours),Average view duration (Seconds),Average percentage viewed (%),Likes,Dislikes,Likes (vs. dislikes) (%),Comments added,Shares,Subscribers,Subscribers gained,Subscribers lost,Videos published,Estimated revenue (USD)
624045,23864.2045,137,51.16,8493,202,97.68,423,941,560,669,109,0,49.589
550424,29385.9322,192,25.37,4972,640,88.6,1014,646,2201,2362,161,0,238.918
547705,23194.9381,152,27.9,4206,794,84.12,893,559,1606,1777,171,2,91.301
368602,13957.1052,136,54.08,4345,110,97.53,422,870,340,415,75,11,148.519
353465,13010.0851,132,48.93,5181,111,97.9,180,433,280,342,62,0,0.008
339368,12501.5855,132,53.92,2744,81,97.13,266,334,429,473,44,13,70.529
289112,11518.0178,143,52.97,2236,65,97.18,187,1362,428,493,65,0,190.894
264462,9388.5685,127,52.67,2444,54,97.84,144,680,286,316,30,0,27.505
249503,9042.0123,130,46.81,2395,53,97.83,112,483,179,226,47,0,17.053
245413,8096.6232,118,53.07,3445,124,96.53,251,884,326,366,40,0,303.638
225356,8621.3209,137,54.59,2335,57,97.62,213,1450,402,440,38,9,248.03
215390,5436.8722,90,43.8,1436,476,75.1,182,63,348,412,64,0,52.376
193006,6947.8511,129,48.44,1944,40,97.98,142,392,143,193,50,9,73.856
187532,6912.5877,132,49.18,3196,95,97.11,88,267,170,205,35,0,0.021
186397,6933.8246,133,47.63,919,32,96.64,54,257,259,303,44,0,156.77
177504,6046.5073,122,56.57,1629,379,81.13,286,92,345,424,79,0,26.549
166595,4685.4065,101,56.36,1330,57,95.89,130,394,82,117,35,22,163.536
158785,4757.062,107,50.55,1090,344,76.01,184,59,287,338,51,0,38.668
153165,5558.4084,130,53.28,1758,57,96.86,153,45,207,237,30,11,82.239
151713,5951.4126,141,48.91,1053,44,95.99,88,332,229,268,39,9,121.369
148869,4545.4455,109,51.71,2173,111,95.14,125,230,207,230,23,0,0.025
146972,7629.4637,186,25.66,1337,226,85.54,268,208,594,635,41,0,73.468
142588,4026.6203,101,50.88,2696,101,96.39,133,29,185,207,22,0,0.031
122757,3623.8588,106,52.05,1998,83,96.01,127,18,153,199,46,0,0.028
122756,4229.6318,124,51.45,1184,35,97.13,88,353,121,139,18,0,0.049
121424,4147.8742,122,45.03,1067,21,98.07,40,281,93,112,19,0,0.011
118556,4913.739,149,51.52,693,200,77.6,164,222,91,112,21,10,111.375
114807,4101.9943,128,48.43,1936,44,97.78,49,195,113,133,20,0,0.013
114303,4623.6464,145,53.03,1172,24,97.99,120,656,394,419,25,8,109.906
103233,3695.1025,128,49.23,1081,39,96.52,48,265,87,119,32,0,17.405
100364,4068.1616,145,55.89,701,20,97.23,55,357,97,113,16,0,0.044
96994,3741.2998,138,50.96,1225,25,98,111,468,96,116,20,11,63.891
89277,2623.0092,105,50.17,1386,58,95.98,75,18,111,139,28,0,0.031
88216,2208.3212,90,36.15,544,70,88.6,225,183,129,160,31,0,38.975
88213,2593.3886,105,54.98,469,29,94.18,42,188,38,52,14,0,33.612
84207,2778.6299,118,48.12,910,35,96.3,49,174,74,94,20,2,0.019
83186,2879.972,124,47.93,1177,35,97.11,38,149,85,106,21,0,0.018
78362,3344.927,153,43.64,827,104,88.83,51,39,196,223,27,0,19.516
74013,3554.7093,172,9.17,544,82,86.9,89,51,181,204,23,0,54.621
73640,2083.4403,101,44.31,709,19,97.39,15,233,97,107,10,0,0.022
72621,2011.5774,99,43.6,707,25,96.58,40,236,72,87,15,1,0.008
68192,2042.3054,107,41.51,362,4,98.91,11,118,61,76,15,0,0.018
67838,2258.3439,119,51.19,672,29,95.86,52,247,61,75,14,0,0.005
67129,3102.2783,166,9.9,530,70,88.33,91,45,169,184,15,0,55.367
66892,4810.8917,258,35.96,485,301,61.7,142,21,99,119,20,0,30.869
65477,2442.0928,134,50.68,636,3,99.53,28,165,42,63,21,0,0.004
64176,1994.8778,111,53.5,635,31,95.35,67,195,32,62,30,11,0.012
63763,2170.8655,122,46.12,536,15,97.28,25,142,35,46,11,0,0.012
62027,2454.1452,142,55.86,696,158,81.5,139,26,127,166,39,1,5.602
61216,1515.1851,89,42.1,229,45,83.58,28,65,39,47,8,0,23.172
61029,4014.0372,236,27.7,398,344,53.64,118,24,90,101,11,0,32.099
60601,2418.5939,143,55.25,435,7,98.42,19,201,63,78,15,0,0.116
59073,4135.611,252,33.13,385,282,57.72,122,23,90,98,8,0,31.425
58988,3797.5576,231,27.89,404,283,58.81,113,16,96,117,21,0,28.482
58038,1778.2099,110,47.75,535,25,95.54,28,185,58,68,10,0,0.011
57860,2396.5759,149,36.75,615,124,83.22,47,42,163,184,21,0,11.981
56902,2789.3782,176,9.31,424,71,85.66,80,45,157,165,8,0,68.457
56803,3986.7956,252,34.55,367,183,66.73,102,23,83,94,11,0,21.556
55821,2214.4289,142,32.69,407,108,79.03,70,68,125,156,31,0,16.204
55302,2097.838,136,51.96,441,4,99.1,11,129,63,64,1,0,0.003
54975,1667.8161,109,33.68,246,28,89.78,40,83,9,41,32,8,41.779
54900,1742.0185,114,49.62,556,33,94.4,32,189,37,60,23,0,0.022
54078,3612.9198,240,38.03,343,325,51.35,101,9,76,93,17,0,32.431
49648,1461.7683,105,43.17,462,20,95.85,17,118,17,49,32,0,0.068
48382,2132.7593,158,41.63,501,44,91.93,46,32,142,163,21,0,14.463
48198,1350.8099,100,41.45,407,17,95.99,17,142,23,54,31,0,0.068
46670,1811.9606,139,53.7,407,7,98.31,50,141,53,56,3,0,0.003
46563,2085.6181,161,11.36,433,63,87.3,62,24,107,121,14,0,29.177
46095,1575.4816,123,47.41,402,12,97.1,13,113,25,33,8,0,0.018
45382,2757.4938,218,33.51,314,215,59.36,99,18,62,81,19,0,23.411
45089,2321.8388,185,30.84,339,86,79.76,58,39,129,142,13,0,39.525
45069,1505.7052,120,46.34,455,11,97.64,21,89,27,42,15,0,0.024
44996,2171.8979,173,25.47,296,76,79.57,66,48,118,137,19,0,34.979
44415,1852.675,150,27.48,310,101,75.43,52,52,99,121,22,0,17.521
43965,1488.7818,121,46.48,381,7,98.2,44,446,27,46,19,0,51.081
43381,1224.1176,101,47.67,489,23,95.51,19,143,39,49,10,0,0.008
42760,1183.2688,99,38.99,292,17,94.5,97,101,56,67,11,0,20.094
42601,2496.3936,210,31.46,307,174,63.83,79,16,69,80,11,0,18.296
41607,2321.7043,200,54.25,258,23,91.81,34,113,30,37,7,4,36.118
41127,1319.2194,115,45.42,370,14,96.35,10,106,30,42,12,0,0.013
40771,1138.6366,100,39.7,306,14,95.63,19,107,39,59,20,0,0.018
40515,1169.4908,103,42.7,405,15,96.43,11,99,20,39,19,0,0.066
39547,1611.1054,146,34.67,368,133,73.45,38,30,103,112,9,0,9.617
39012,1675.7037,154,38.48,360,61,85.51,47,25,82,103,21,0,11.078
38805,1145.6795,106,41.8,326,12,96.45,10,116,51,68,17,0,0.076
38577,1173.9965,109,42.04,185,6,96.86,4,63,30,36,6,0,0.004
38344,1267.6106,119,45.78,525,14,97.4,27,110,24,37,13,0,0.05
37571,1150.7492,110,44.31,348,15,95.87,13,92,23,43,20,0,0.028
36944,2529.7423,246,35.15,229,151,60.26,78,18,41,46,5,0,18.513
36558,2021.7792,199,35.91,241,153,61.17,36,7,54,76,22,0,10.771
35687,1354.523,136,44.66,419,166,71.62,27,15,59,74,15,0,4.739
35209,2050.9542,209,34.79,214,151,58.63,50,7,44,56,12,0,11.798
34485,1137.2797,118,46.5,261,6,97.75,15,119,26,30,4,0,0.03
34440,991.0219,103,39.2,239,16,93.73,59,122,40,48,8,0,29.595
34268,1895.275,199,27,246,70,77.85,40,21,59,69,10,0,10.919
34008,1667.8904,176,10.85,275,32,89.58,41,24,85,104,19,0,40.527
33815,1096.711,116,46.79,361,13,96.52,22,83,30,32,2,0,0.074
33554,1739.6215,186,34.73,247,74,76.95,44,45,76,93,17,0,23.947
33540,1476.192,158,37.14,309,34,90.09,36,23,96,104,8,0,11.481
33290,938.8621,101,41.8,303,8,97.43,9,106,27,45,18,0,0.018
33056,1460.5997,159,45.51,277,53,83.94,15,19,66,73,7,0,4.576
31535,1206.9486,137,42.71,329,139,70.3,29,16,62,83,21,0,4.719
31077,886.2174,102,48.81,329,22,93.73,19,129,36,39,3,0,0.022
30526,983.1324,115,46.49,286,6,97.95,11,99,18,30,12,0,0.038
30472,885.5847,104,42.2,243,8,96.81,7,78,18,35,17,0,0.045
30271,1832.392,217,25.81,139,61,69.5,41,15,49,53,4,0,11.604
29864,1625.5385,195,36.85,230,112,67.25,40,7,40,50,10,0,10.078
29711,1534.1989,185,31.92,225,71,76.01,30,11,61,68,7,0,9.375
29620,1028.4547,124,50.93,268,14,95.04,42,156,85,85,0,13,30.031
29061,1255.6521,155,37.83,317,55,85.22,35,23,60,80,20,0,1.07
28999,1532.456,190,33.55,184,53,77.64,52,8,50,61,11,0,11.833
28403,1550.1175,196,23.23,203,57,78.08,23,17,49,64,15,0,8.852
28394,908.9423,115,40.43,205,17,92.34,51,47,44,54,10,0,23.384
28040,1471.1889,188,32.45,187,59,76.02,29,3,53,60,7,0,12.778
27949,1247.4056,160,37.32,252,27,90.32,37,14,53,59,6,0,7.817
27103,977.2304,129,40.41,200,20,90.91,34,47,45,54,9,0,15.802
26905,737.9555,98,43.15,225,15,93.75,18,98,17,30,13,0,0.037
26877,761.7847,102,42.99,251,14,94.72,9,57,19,27,8,0,0.048
26438,895.8996,121,47.06,208,9,95.85,39,237,41,42,1,0,6.025
26238,791.5534,108,43.81,170,5,97.14,11,50,28,38,10,0,0.03
25893,1208.824,168,50.42,198,85,69.96,27,27,39,46,7,0,4.104
25626,1082.6602,152,35.33,318,55,85.25,28,17,62,67,5,0,1.37
25599,1261.0587,177,36.09,183,53,77.54,36,22,63,84,21,0,17.398
25403,733.6336,103,49.42,283,13,95.61,19,115,29,36,7,0,0.022
25389,1150.9354,163,13.45,230,18,92.74,37,17,68,78,10,0,15.056
24783,1267.6278,184,31.97,175,63,73.53,35,9,62,70,8,0,7.355
24427,697.7379,102,43.43,180,12,93.75,5,62,18,37,19,0,0.012
24388,1083.8617,159,27.07,272,16,94.44,46,18,113,133,20,2,4.96
24265,1246.2113,184,31.08,177,47,79.02,45,14,50,56,6,0,9.894
24090,965.8968,144,42.49,266,123,68.38,24,13,43,51,8,0,3.949
24055,689.3884,103,48.76,243,15,94.19,10,91,30,36,6,0,0.015
23871,1189.6742,179,17.86,246,28,89.78,23,13,70,76,6,0,3.719
23866,1081.1298,163,38.54,162,42,79.41,16,10,38,44,6,0,5.08
23710,733.3202,111,42.98,107,5,95.54,3,30,18,28,10,0,0.004
23393,593.2355,91,33.87,202,3,98.54,8,19,11,16,5,0,0
23028,595.9124,93,34.53,197,5,97.52,6,17,10,12,2,0,0
22938,643.6449,101,43.59,206,6,97.17,3,56,27,33,6,0,0.047
22650,928.6715,147,40.8,180,94,65.69,18,13,36,46,10,0,4.033
22565,1064.7314,169,39.82,179,61,74.58,34,20,26,35,9,0,4.168
22455,689.1057,110,45.46,196,9,95.61,6,70,20,23,3,0,0.023
22418,682.1907,109,49.64,968,95,91.06,455,151,71,85,14,0,0
22138,628.0908,102,44.83,198,12,94.29,8,60,19,28,9,0,0.035
22057,678.3491,110,46.24,185,5,97.37,5,61,26,36,10,0,0.059
21688,1126.8892,187,33.78,162,77,67.78,30,8,44,52,8,0,5.433
21678,848.3119,140,44.41,208,104,66.67,19,21,29,48,19,0,4.87
21666,852.8475,141,42.05,185,105,63.79,11,8,32,40,8,0,4.96
21630,1070.1493,178,34.59,195,40,82.98,34,6,46,53,7,0,3.226
21443,921.0192,154,25.55,247,20,92.51,19,19,45,60,15,0,3.659
21421,591.8643,99,44.1,167,8,95.43,6,49,24,33,9,0,0.047
21416,652.6984,109,45.62,191,16,92.27,9,55,26,34,8,0,0.052
21387,803.0655,135,39.66,205,80,71.93,15,14,27,39,12,0,4.698
20936,921.3162,158,42.57,186,42,81.58,11,10,40,44,4,0,4.328
20876,626.324,108,44.87,173,9,95.05,4,55,9,18,9,0,0.03
20670,979.0873,170,27.8,109,179,37.85,12,21,41,48,7,0,10.629
20624,1021.1619,178,38.2,178,51,77.73,29,29,34,48,14,0,12.81
20478,789.5594,138,40.05,181,14,92.82,19,32,36,49,13,0,18.028
20288,588.0365,104,45.79,190,12,94.06,10,86,14,19,5,0,0.025
20255,368.5293,65,25.35,32,4,88.89,2,51,-8,9,17,0,7.85
20214,865.3883,154,26.78,228,27,89.41,17,13,48,59,11,0,0.934
20154,528.2475,94,35.29,164,3,98.2,4,13,6,7,1,0,0
19972,777.8804,140,43.37,168,89,65.37,31,16,27,40,13,0,4.171
19760,777.1663,141,38.8,154,73,67.84,15,19,36,48,12,0,3.569
19539,832.5965,153,41.27,195,70,73.58,27,17,30,43,13,0,3.83
19152,778.8145,146,29.29,275,14,95.16,46,27,50,69,19,2,5.143
19077,598.9233,113,43.8,103,5,95.37,3,36,11,17,6,0,0.003
18822,766.6477,146,25.71,196,39,83.4,15,9,47,52,5,0,1.049
18566,947.1484,183,11.46,182,30,85.85,23,19,43,50,7,0,19.263
18538,827.4396,160,17.18,180,23,88.67,21,6,57,60,3,0,2.843
18502,889.7083,173,29.88,82,80,50.62,18,18,31,41,10,0,13.893
18455,483.1616,94,35.13,1007,39,96.27,518,185,71,77,6,4,0
18402,873.112,170,19.41,177,19,90.31,22,13,62,70,8,0,2.2
18334,541.9469,106,48.41,555,66,89.37,219,103,46,60,14,1,0
18246,510.2421,100,56.46,110,8,93.22,6,70,10,17,7,0,0.719
18022,701.6541,140,41.92,148,42,77.89,21,16,30,36,6,0,3.131
17946,535.5243,107,45.73,147,6,96.08,7,52,11,20,9,0,0.032
17803,761.8879,154,11.27,220,29,88.35,33,21,78,83,5,0,16.059
17629,824.8167,168,39.86,154,33,82.35,17,9,34,43,9,0,6.224
17505,875.3775,180,12.13,197,12,94.26,15,16,48,54,6,0,16.193
17452,668.2457,137,29.79,169,15,91.85,41,18,40,41,1,0,4.073
17360,830.872,172,38.3,124,34,78.48,20,18,36,46,10,0,9.092
17352,609.2277,126,48.08,207,1,99.52,31,249,26,33,7,12,19.053
17283,479.4946,99,44.93,167,5,97.09,4,52,19,31,12,0,0.072
17204,788.1129,164,16.9,183,21,89.71,30,11,43,51,8,0,7.536
17041,653.5302,138,40.51,173,65,72.69,13,10,27,38,11,0,3.412
17038,502.4204,106,46.22,141,4,97.24,15,64,16,22,6,0,0.053
17032,686.5286,145,42.47,138,62,69,27,7,29,40,11,0,3.273
17006,703.0245,148,40.5,131,48,73.18,31,15,23,34,11,0,4.8
16800,836.4053,179,12.47,191,12,94.09,28,15,45,52,7,0,18.81
16652,686.5442,148,42.14,138,43,76.24,10,13,11,22,11,0,3.066
16551,661.7921,143,38.94,151,43,77.84,7,7,28,34,6,0,3.267
16333,418.7807,92,34.59,143,7,95.33,6,12,7,13,6,0,0
16211,781.5619,173,28.26,138,61,69.35,38,7,46,56,10,0,2.522
16131,310.5618,69,60.19,1091,32,97.15,58,455,64,71,7,0,0.003
16056,302.3857,67,58.83,1005,43,95.9,61,320,96,107,11,0,0.004
15961,591.2389,133,39.74,119,33,78.29,11,16,34,41,7,0,2.711
15953,749.757,169,40.21,110,37,74.83,21,18,28,37,9,0,7.723
15949,458.5106,103,40.14,68,4,94.44,5,36,9,14,5,0,0
15821,652.302,148,40.33,131,37,77.98,14,6,32,42,10,0,3.357
15783,435.2431,99,45.91,175,2,98.87,3,48,5,13,8,0,0.037
15751,489.0331,111,43.26,62,-1,101.64,3,29,10,14,4,0,0
15748,647.4007,147,31.32,128,20,86.49,16,10,58,64,6,0,1.411
15704,468.3536,107,41.28,68,2,97.14,2,42,5,11,6,0,0.021
15582,722.7284,166,31.2,130,36,78.31,23,11,34,39,5,0,1.627
15480,462.8337,107,51.92,91,18,83.49,11,74,1,7,6,0,3.36
15342,398.4677,93,35.27,143,4,97.28,4,22,4,9,5,0,0
15241,391.3086,92,34.73,126,2,98.44,1,12,5,7,2,0,0
15204,668.1529,158,30.86,169,11,93.89,27,13,23,28,5,0,3.12
14883,412.6884,99,45.01,122,12,91.04,6,47,5,17,12,0,0.033
14831,668.2016,162,39.84,114,34,77.03,17,13,29,43,14,0,6.726
14802,619.1958,150,39.21,113,44,71.97,13,13,26,40,14,0,3.096
14799,408.6438,99,38.44,63,1,98.44,3,24,11,15,4,0,0
14759,419.1187,102,46.35,139,2,98.58,3,46,7,17,10,0,0.078
14736,672.9766,164,40.09,115,35,76.67,8,15,25,36,11,0,7.596
14734,561.6235,137,22.45,233,50,82.33,43,29,-5,35,40,1,1.542
14548,567.5798,140,37.66,146,48,75.26,14,30,21,32,11,0,3.132
14469,555.6023,138,31.08,114,9,92.68,25,5,27,38,11,0,1.325
14417,598.3957,149,41.19,118,46,71.95,22,9,21,34,13,0,4.054
14300,644.5242,162,40.26,109,37,74.66,13,16,18,35,17,0,6.685
14165,678.9624,172,14.13,168,16,91.3,21,12,48,56,8,0,15.676
14162,347.9201,88,26,425,25,94.44,164,71,36,45,9,1,0
14116,564.3704,143,41.05,119,35,77.27,17,9,22,30,8,0,2.866
14040,368.3577,94,35.67,112,0,100,3,11,1,8,7,0,0
13944,557.7469,143,38.8,121,54,69.14,15,5,19,32,13,0,2.791
13933,261.7869,67,58.48,1001,41,96.07,47,314,100,106,6,0,0.003
13780,579.8897,151,41.45,107,34,75.89,11,14,21,32,11,0,4.005
13683,539.4458,141,28.84,122,28,81.33,5,8,28,36,8,0,1.665
13665,577.6941,152,39.4,108,47,69.68,9,15,25,32,7,0,2.482
13650,597.5544,157,21.22,186,15,92.54,27,8,38,51,13,2,4.906
13474,547.8792,146,41.89,100,40,71.43,10,7,11,28,17,0,3.177
13466,254.7482,68,58.92,880,36,96.07,48,368,52,61,9,0,0.015
13325,336.4313,90,41.72,239,20,92.28,17,80,32,39,7,0,0.002
13295,560.8634,151,21.79,125,12,91.24,11,6,48,53,5,0,1.964
13273,558.5258,151,25.51,132,24,84.62,9,16,46,54,8,0,0.521
13251,351.92,95,43.57,110,9,92.44,5,44,5,14,9,0,0.027
13166,326.2745,89,40.21,274,9,96.82,14,108,16,20,4,0,0.021
13127,537.1815,147,23.34,133,19,87.5,27,6,28,36,8,0,2.154
13084,528.448,145,38.99,109,33,76.76,17,11,28,36,8,0,2.07
13062,522.2965,143,38.74,108,51,67.92,16,11,33,45,12,0,3.066
13038,277.3739,76,24.45,267,26,91.13,108,39,70,81,11,1,0
12943,320.3582,89,33.92,102,2,98.08,6,12,8,12,4,0,0
12844,538.6091,150,40.49,97,35,73.48,12,4,19,27,8,0,3.278
12838,527.761,147,25.21,138,31,81.66,9,11,61,67,6,0,0.567
12823,528.981,148,27.53,104,34,75.36,9,5,31,39,8,0,1.28
12685,515.6304,146,39.38,108,25,81.2,14,5,31,37,6,0,2.728
12592,504.1039,144,39.86,110,24,82.09,17,11,22,32,10,0,2.108
12568,360.9118,103,40.07,58,1,98.31,2,20,6,15,9,0,0.001
12562,517.478,148,40.07,101,27,78.91,16,11,18,36,18,0,2.938
12535,623.1268,178,16.07,105,21,83.33,17,6,12,25,13,0,3.633
12528,304.517,87,39.96,273,12,95.79,7,111,16,25,9,0,0.004
12500,238.9795,68,59.16,771,29,96.38,52,374,52,58,6,0,0.01
12450,550.3422,159,30.71,99,24,80.49,29,6,33,40,7,0,4.571
12404,553.7395,160,27.84,165,34,82.91,27,8,32,44,12,1,1.859
12392,291.2172,84,42.41,330,17,95.1,17,116,25,28,3,0,0
12286,321.2223,94,35.89,79,2,97.53,2,13,3,5,2,0,0
12280,343.5442,100,46.33,109,7,93.97,3,61,8,16,8,0,0.064
12224,334.5426,98,44.98,102,7,93.58,7,60,13,20,7,0,0.082
12192,502.7694,148,28.63,114,33,77.55,10,7,39,45,6,0,1.824
12096,491.6203,146,40.12,107,29,78.68,9,7,23,37,14,0,2.481
12084,511.7393,152,29.89,130,13,90.91,9,11,41,47,6,0,1.48
12071,498.9772,148,27.93,105,17,86.07,8,5,32,37,5,0,1.009
11988,333.3118,100,45.58,117,5,95.9,9,40,8,25,17,0,0.039
11974,327.1907,98,44.59,90,4,95.74,6,34,11,12,1,0,0.014
11895,482.6432,146,39.71,117,27,81.25,12,8,14,31,17,0,2.345
11829,477.9703,145,30.69,105,27,79.55,14,9,35,38,3,0,1.038
11826,307.9714,93,35.76,92,0,100,2,8,5,8,3,0,0
11819,321.5297,97,56.74,70,4,94.59,8,23,5,8,3,0,0.233
11817,306.7261,93,36.34,87,1,98.86,6,20,5,8,3,0,0
11793,471.7025,143,30.09,148,66,69.16,29,51,-3,24,27,0,1.517
11778,295.0964,90,43.2,249,6,97.65,15,67,26,32,6,0,0
11762,482.8867,147,30.27,113,20,84.96,10,9,31,39,8,0,1.056
11753,271.1437,83,44.05,424,22,95.07,20,142,33,37,4,0,0.008
11752,487.2754,149,31.46,106,12,89.83,24,12,32,38,6,0,2.019
11692,326.7558,100,46.86,109,4,96.46,5,38,6,13,7,0,0.04
11653,222.9004,68,58.85,689,42,94.25,35,313,61,67,6,0,0.006
11631,319.9312,99,45.6,133,11,92.36,1,33,4,19,15,0,0.062
11621,518.9378,160,31.64,104,21,83.2,19,13,22,29,7,0,3.782
11610,481.1577,149,35.93,150,30,83.33,19,12,-10,22,32,1,3.472
11528,361.7351,112,43.53,53,3,94.64,4,20,6,9,3,0,0.034
11505,327.3022,102,46.89,95,7,93.14,6,34,8,11,3,0,0.033
11495,317.9682,99,46.67,110,8,93.22,6,46,8,15,7,0,0.035
11480,311.5533,97,44.72,98,8,92.45,1,30,5,10,5,0,0.049
11475,304.3522,95,44.1,132,9,93.62,6,37,21,27,6,0,0.04
11455,302.4346,95,55.01,59,3,95.16,1,21,0,3,3,0,0.2
11447,515.4612,162,31.61,112,53,67.88,30,29,29,39,10,0,1.646
11428,549.6275,173,15.64,86,19,81.9,9,14,11,19,8,0,1.683
11409,304.1859,95,44.53,115,2,98.29,4,31,16,23,7,0,0.016
11367,469.5068,148,35.91,135,5,96.43,8,17,33,36,3,0,7.34
11334,503.6755,159,32.11,113,23,83.09,9,13,14,25,11,0,3.659
11299,520.3183,165,29.92,126,9,93.33,20,10,29,32,3,0,2.796
11288,494.3491,157,36.27,144,24,85.71,14,5,8,31,23,0,3.63
11246,274.3491,87,42.55,315,12,96.33,17,108,17,23,6,0,0
11210,510.6723,163,35.41,105,21,83.33,9,13,19,32,13,0,3.667
11155,268.2725,86,45.5,362,10,97.31,15,118,27,32,5,0,0.003
11120,485.4912,157,13.01,134,15,89.93,31,22,36,38,2,0,8.784
11045,498.4971,162,26.48,129,9,93.48,20,9,42,46,4,0,2.704
10985,286.2521,93,36.54,85,3,96.59,4,11,12,13,1,0,0
10974,499.564,163,37.39,76,19,80,11,13,13,22,9,0,3.628
10948,267.082,87,43.7,247,13,95,12,75,13,18,5,0,0.012
10932,491.364,161,31.14,107,33,76.43,3,7,29,41,12,0,3.75
10932,471.3526,155,34.8,105,16,86.78,22,17,20,28,8,0,3.668
10923,276.9783,91,45.98,290,14,95.39,23,86,22,31,9,0,0.004
10906,278.1372,91,34.7,88,4,95.65,1,17,10,13,3,0,0
10872,480.5422,159,31.22,61,45,57.55,14,17,16,25,9,0,6.383
10830,207.6075,69,51.95,49,16,75.38,11,13,5,5,0,0,2.344
10768,317.1508,106,41.23,36,0,100,3,12,-2,6,8,0,0
10758,289.1619,96,44.16,100,6,94.34,1,21,9,18,9,0,0.027
10688,368.5888,124,48.48,67,4,94.37,4,106,7,11,4,0,0.023
10582,245.5646,83,42.98,318,17,94.93,12,126,21,26,5,0,0
10582,245.3686,83,44.3,332,16,95.4,14,100,19,23,4,0,0
10581,286.2476,97,45.31,95,5,95,6,49,7,14,7,0,0.013
10464,267.7707,92,36.81,108,2,98.18,2,17,2,9,7,0,0
10398,488.8139,169,18.1,102,18,85,12,10,20,30,10,0,1.911
10381,266.1185,92,35.72,68,4,94.44,5,14,2,3,1,0,0
10378,197.9704,68,58.14,593,27,95.65,35,333,47,51,4,0,0
10372,220.8549,76,46.98,446,24,94.89,20,166,23,30,7,0,0
10369,298.066,103,40.01,38,0,100,2,14,4,7,3,0,0.017
10351,468.6204,162,26.15,108,24,81.82,14,16,11,19,8,0,3
10329,204.8193,71,61.27,560,17,97.05,34,345,35,47,12,0,0.001
10319,481.0886,167,18.34,69,15,82.14,11,13,13,23,10,0,2.036
10314,590.3032,206,16.79,157,12,92.9,17,22,55,60,5,0,7.325
10167,198.5413,70,60.1,516,45,91.98,30,288,39,44,5,0,0.012
10123,377.6925,134,40.43,140,9,93.96,15,17,30,34,4,0,5.927
10027,433.1022,155,40.14,103,31,76.87,10,12,13,26,13,0,2.239
9895,188.0215,68,58.67,544,24,95.77,33,347,47,49,2,0,0
9844,245.041,89,34.1,101,5,95.28,3,20,7,11,4,0,0
9840,252.4724,92,35.68,86,1,98.85,3,10,4,8,4,0,0
9826,397.2527,145,36.75,129,18,87.76,12,10,40,44,4,0,6.345
9822,246.7178,90,35.17,86,3,96.63,3,20,3,6,3,0,0.002
9796,265.0731,97,45.26,91,6,93.81,3,43,13,18,5,0,0.041
9782,169.045,62,46.2,67,9,88.16,6,2,7,9,2,0,0.674
9747,189.5263,70,59.99,708,38,94.91,35,323,49,59,10,0,0.003
9668,218.9972,81,22.19,236,14,94.4,103,45,59,68,9,1,0
9651,188.9884,70,60.4,581,15,97.48,33,263,37,42,5,0,0.001
9648,259.4521,96,46.31,177,7,96.2,7,94,7,17,10,0,0.003
9629,236.5721,88,42.19,188,7,96.41,8,63,14,21,7,0,0.011
9612,250.3481,93,39.69,112,3,97.39,4,25,10,12,2,0,0
9536,235.2706,88,35.59,90,2,97.83,3,21,4,4,0,0,0
9520,421.5747,159,26.14,83,66,55.7,11,20,10,18,8,0,2.968
9500,423.0567,160,19.76,125,20,86.21,29,25,-16,14,30,1,2.502
9492,246.0106,93,54.2,54,5,91.53,2,22,1,5,4,0,0.356
9492,255.0823,96,38.33,106,2,98.15,1,15,3,7,4,0,0
9484,258.5565,98,44.77,90,4,95.74,1,37,9,13,4,0,0.062
9460,237.0587,90,35.97,71,1,98.61,0,34,2,3,1,0,0
9427,220.6427,84,33.96,57,1,98.28,2,10,4,5,1,0,0
9423,389.413,148,23.64,74,21,77.89,9,9,10,23,13,0,2.328
9310,260.1684,100,40.81,241,1,99.59,13,67,3,7,4,0,0
9303,447.3071,173,18.35,56,13,81.16,10,13,9,19,10,0,1.954
9301,234.081,90,42.95,142,6,95.95,3,50,8,22,14,0,0.007
9232,233.5836,91,35.43,62,5,92.54,2,9,4,8,4,0,0
9131,405.239,159,37.86,94,20,82.46,4,12,19,23,4,0,2.609
9102,378.4583,149,39.83,70,19,78.65,14,11,8,22,14,0,2.34
9074,164.901,65,43.48,58,6,90.63,7,2,1,7,6,0,0.732
9054,292.8666,116,44.94,53,0,100,1,15,-2,3,5,0,0.006
9023,98.5027,39,44.14,141,5,96.58,20,34,0,17,17,0,0.232
8974,205.2032,82,45.84,326,17,95.04,11,115,13,20,7,0,0
8972,208.6179,83,34.94,78,8,90.7,2,12,4,8,4,0,0
8967,248.1434,99,45.7,85,4,95.51,5,32,4,15,11,0,0.056
8924,162.983,65,42.81,98,7,93.33,6,6,9,16,7,0,0.872
8915,200.1506,80,45.57,332,16,95.4,21,137,28,34,6,0,0
8914,212.829,85,34.68,72,2,97.3,1,21,1,4,3,0,0
8911,320.625,129,37.66,55,5,91.67,4,9,13,14,1,4,9.175
8882,235.827,95,43.64,100,5,95.24,6,33,1,16,15,0,0.003
8879,247.4805,100,48.98,67,4,94.37,16,43,-1,4,5,7,11.322
8878,232.1749,94,39.98,83,3,96.51,4,21,0,4,4,0,0
8813,365.2991,149,38.03,85,21,80.19,6,6,20,27,7,0,1.79
8783,235.9847,96,44.9,119,11,91.54,6,36,17,24,7,0,0
8781,215.2407,88,35.74,65,3,95.59,2,18,8,11,3,0,0
8730,172.6889,71,59.81,591,24,96.1,43,238,52,53,1,0,0.007
8721,232.2242,95,44.44,73,4,94.81,7,47,4,12,8,0,0.039
8711,219.2219,90,35.44,99,5,95.19,3,6,-1,4,5,0,0
8694,191.0527,79,41.09,94,6,94,6,2,4,6,2,0,0.403
8657,374.2039,155,38.66,59,21,73.75,8,16,20,28,8,0,2.75
8596,158.0741,66,36.94,69,3,95.83,5,3,9,9,0,0,1.024
8574,182.0621,76,21.17,127,12,91.37,56,23,51,58,7,0,0
8540,223.9446,94,44.27,75,7,91.46,7,21,13,15,2,0,0.048
8539,232.8511,98,38.3,44,0,100,0,14,1,4,3,0,0.007
8512,204.9753,86,40.54,171,8,95.53,10,46,9,14,5,0,0
8488,216.0992,91,38.54,106,5,95.5,1,39,7,11,4,0,0
8467,357.4011,151,37.28,63,24,72.41,10,4,13,23,10,0,1.66
8458,266.018,113,43.71,44,4,91.67,2,7,7,9,2,0,0.022
8451,204.3677,87,40.99,194,2,98.98,6,38,19,23,4,0,0
8408,386.5728,165,18.36,62,15,80.52,6,1,14,17,3,0,1.271
8364,224.5832,96,43.71,69,4,94.52,2,27,9,14,5,0,0.044
8353,220.5494,95,43.28,66,5,92.96,4,28,9,15,6,0,0.036
8336,210.7374,91,42.41,67,2,97.1,4,23,10,19,9,0,0.009
8302,426.3466,184,36.74,111,7,94.07,29,25,34,40,6,5,8.233
8232,219.4353,95,44.54,97,2,97.98,1,38,19,23,4,0,0.022
8227,197.3595,86,36.28,93,4,95.88,4,5,5,7,2,0,0
8196,235.5466,103,46.99,213,15,93.42,92,40,12,22,10,0,0
8159,255.5271,112,43.76,45,1,97.83,0,12,7,8,1,0,0.003
8138,224.0363,99,46.09,81,7,92.05,5,25,6,13,7,0,0.035
8122,204.1128,90,35.26,74,3,96.1,2,11,9,10,1,0,0
8115,192.342,85,35.8,50,5,90.91,1,18,4,5,1,0,0
8076,208.3496,92,43.37,117,4,96.69,6,42,18,27,9,0,0.011
8034,193.7392,86,40.14,145,10,93.55,3,39,15,20,5,0,0
8029,216.7103,97,45.27,72,4,94.74,4,34,7,13,6,0,0.007
7993,216.1765,97,45,85,4,95.51,1,29,13,18,5,0,0.01
7991,338.1968,152,33.02,67,38,63.81,17,24,20,25,5,0,1.406
7892,215.9047,98,46.07,93,4,95.88,9,64,15,19,4,0,0.019
7887,153.7968,70,47.61,73,8,90.12,1,1,5,9,4,0,0.254
7851,214.6853,98,45.77,87,10,89.69,6,26,15,26,11,0,0.026
7829,201.6102,92,39.06,41,1,97.62,2,10,0,3,3,0,0
7812,181.3089,83,47.91,93,4,95.88,8,1,7,11,4,0,0.416
7809,200.123,92,43.78,132,3,97.78,4,49,12,21,9,0,0.002
7785,211.0226,97,38.13,34,2,94.44,0,1,0,7,7,0,0
7765,193.2264,89,36.31,75,0,100,3,28,5,7,2,0,0
7753,156.0319,72,61.05,450,17,96.36,38,308,36,40,4,0,0
7726,287.5011,133,40.67,83,4,95.4,11,9,25,28,3,0,5.031
7725,200.6297,93,37.87,86,1,98.85,3,12,5,6,1,0,0
7691,190.8073,89,35.13,44,3,93.62,4,17,2,2,0,0,0
7683,193.9388,90,39.26,73,2,97.33,0,15,-1,0,1,0,0
7680,176.0664,82,43.03,250,7,97.28,14,71,12,18,6,0,0
7677,185.3953,86,39.57,137,3,97.86,4,45,9,12,3,0,0
7636,207.7207,97,39.09,67,3,95.71,0,11,1,2,1,0,0
7632,186.6558,88,42.32,140,7,95.24,4,51,16,21,5,0,0
7607,146.3014,69,48.75,47,0,100,2,8,6,6,0,0,0
7602,204.1153,96,37.28,76,1,98.7,1,13,7,8,1,0,0
7591,149.4905,70,49.77,57,6,90.48,1,19,1,1,0,0,0
7560,198.7808,94,40.57,38,5,88.37,3,16,0,3,3,0,0
7545,153.4286,73,46.31,59,5,92.19,2,1,0,6,6,0,0.301
7540,215.7038,102,48.41,34,1,97.14,5,33,3,4,1,0,0.022
7510,194.5097,93,36.71,82,3,96.47,1,12,4,7,3,0,0
7503,200.1377,96,38.48,58,3,95.08,3,15,5,6,1,0,0
7500,196.3144,94,43.39,98,9,91.59,6,66,9,14,5,0,0.032
7486,184.9336,88,42.01,135,7,95.07,10,61,14,19,5,0,0
7467,187.2667,90,42.48,170,6,96.59,12,51,11,22,11,0,0
7458,144.525,69,46.71,66,5,92.96,7,1,5,7,2,0,0.236
7456,145.7901,70,50.46,46,2,95.83,0,13,8,8,0,0,0
7447,193.9725,93,37.59,58,0,100,0,13,1,3,2,0,0
7392,219.6295,106,41.37,38,2,95,2,10,6,9,3,0,0
7382,268.5386,130,41.52,100,10,90.91,11,9,36,38,2,0,3.407
7376,204.2997,99,39.55,75,2,97.4,2,3,-5,1,6,0,0
7354,194.8914,95,44.09,100,7,93.46,7,44,10,15,5,0,0.015
7319,238.6415,117,46.38,54,1,98.18,4,52,6,8,2,0,0.012
7293,174.841,86,41.33,140,0,100,3,43,16,18,2,0,0
7292,192.6016,95,38.58,62,2,96.88,0,7,-3,0,3,0,0
7244,228.8986,113,44.19,35,0,100,1,14,6,7,1,0,0.019
7227,187.5608,93,38.94,36,1,97.3,3,12,0,5,5,0,0
7217,188.8534,94,37.82,71,1,98.61,2,14,2,4,2,0,0
7200,178.4028,89,43.9,117,1,99.15,6,29,16,24,8,0,0
7193,139.8405,69,49.49,51,3,94.44,0,17,3,6,3,0,0
7188,186.574,93,36.96,72,1,98.63,3,10,1,3,2,0,0
7179,183.2233,91,37.68,59,2,96.72,1,28,6,8,2,0,0
7169,192.6412,96,57.71,43,0,100,1,17,2,4,2,0,0.6
7163,175.7286,88,34.69,46,2,95.83,3,12,0,5,5,0,0
7147,180.4528,90,38.37,52,5,91.23,4,29,1,5,4,0,0
7147,193.0024,97,39.06,57,1,98.28,2,14,0,3,3,0,0
7131,175.0156,88,44.85,213,5,97.71,12,64,11,14,3,0,0
7114,176.8663,89,37.34,53,3,94.64,0,21,0,6,6,0,0
7010,195.5723,100,41.34,169,0,100,8,56,5,7,2,0,0
6992,176.8772,91,43.32,120,6,95.24,4,47,11,17,6,0,0.004
6965,148.1878,76,53.94,61,2,96.83,0,17,5,8,3,0,0
6964,140.4163,72,47.63,58,5,92.06,5,1,6,11,5,0,0.316
6959,184.9811,95,45.42,66,5,92.96,3,41,7,11,4,0,0.045
6933,143.9331,74,51.88,46,3,93.88,4,0,4,6,2,0,0.357
6904,179.7648,93,44.2,100,5,95.24,4,47,18,27,9,0,0.006
6902,178.2369,92,37.46,55,2,96.49,2,17,1,4,3,0,0
6871,162.7919,85,37.46,53,2,96.36,1,12,0,6,6,0,0
6864,175.3362,91,43.44,115,8,93.5,7,61,3,9,6,0,0.003
6853,143.7634,75,47.47,75,11,87.21,10,2,7,11,4,0,0.312
6850,167.2928,87,38.04,51,3,94.44,2,8,5,8,3,0,0
6848,143.3971,75,51.75,64,6,91.43,2,6,1,2,1,0,0.274
6840,134.1237,70,48.62,57,6,90.48,7,2,6,6,0,0,0.236
6835,162.5992,85,36.08,54,3,94.74,3,8,1,4,3,0,0
6814,171.7607,90,39.15,48,3,94.12,1,23,3,3,0,0,0
6784,169.3668,89,43.53,116,5,95.87,4,42,11,14,3,0,0
6771,177.2143,94,38.28,71,1,98.61,2,25,3,3,0,0,0
6769,174.0002,92,43.94,125,2,98.43,5,44,13,17,4,0,0
6739,172.5416,92,44.35,98,3,97.03,5,33,5,12,7,0,0
6738,179.2675,95,38.27,51,3,94.44,2,11,5,7,2,0,0
6726,132.3922,70,59.73,372,19,95.14,17,224,26,30,4,0,0.011
6714,186.8655,100,40.22,69,0,100,2,5,4,6,2,0,0
6712,156.9909,84,43.13,57,2,96.61,2,0,4,7,3,0,0.372
6703,135.0831,72,51.28,43,1,97.73,0,8,7,9,2,0,0
6695,138.6536,74,61.63,429,11,97.5,21,150,21,23,2,0,0.003
6686,170.1312,91,42.74,96,5,95.05,7,39,9,16,7,0,0
6680,174.3027,93,38.01,50,2,96.15,0,10,3,3,0,0,0
6676,175.3433,94,43.68,94,7,93.07,6,42,15,20,5,0,0.006
6669,138.863,74,43.06,66,3,95.65,2,3,8,13,5,0,0.206
6667,140.2496,75,51.67,51,4,92.73,1,17,2,5,3,0,0
6664,135.2483,73,59.74,292,10,96.69,28,162,18,21,3,0,0.003
6629,176.1917,95,38.81,41,0,100,3,9,7,7,0,0,0
6626,177.5343,96,40.24,38,1,97.44,5,22,2,3,1,0,0
6616,162.7671,88,42.72,116,5,95.87,2,24,14,17,3,0,0
6611,172.0948,93,43.39,117,2,98.32,7,38,9,15,6,0,0
6597,174.1429,95,39.68,31,2,93.94,0,18,2,3,1,0,0
6589,158.2998,86,42.44,102,8,92.73,7,46,8,12,4,0,0
6570,161.5771,88,43.92,144,7,95.36,13,41,28,28,0,0,0
6564,129.9272,71,60,348,16,95.6,39,215,22,26,4,0,0.013
6562,161.1214,88,44.56,156,4,97.5,16,60,12,17,5,0,0
6543,173.9204,95,41.74,54,5,91.53,5,21,2,2,0,0,0
6527,165.2253,91,43.27,144,5,96.64,4,48,10,18,8,0,0
6520,130.7828,72,60.12,423,13,97.02,29,175,18,23,5,0,0
6514,127.8731,70,58.92,412,11,97.4,29,192,40,47,7,0,0.007
6503,160.8672,89,43.02,170,7,96.05,5,43,10,19,9,0,0
6498,159.242,88,41.67,144,2,98.63,1,38,14,19,5,0,0
6478,175.5223,97,39.38,74,1,98.67,3,15,5,5,0,0,0
6453,133.5044,74,45.99,70,4,94.59,3,1,3,7,4,0,0.22
6428,171.4999,96,44.94,98,0,100,2,35,13,19,6,0,0.026
6406,171.8405,96,40.61,38,2,95,2,14,-1,0,1,0,0
6382,172.8928,97,40.02,53,0,100,1,16,3,6,3,0,0
6352,168.4654,95,39.7,37,4,90.24,2,19,2,6,4,0,0
6341,156.6304,88,38,38,0,100,3,7,3,5,2,0,0
6325,172.1905,98,39.82,63,1,98.44,4,11,1,3,2,0,0
6320,165.6749,94,44.34,88,7,92.63,6,34,3,9,6,0,0.011
6312,160.6812,91,39.52,47,5,90.38,6,15,2,5,3,0,0
6311,165.0708,94,42.92,91,2,97.85,2,29,9,11,2,0,0
6306,176.511,100,39.5,24,1,96,0,7,0,4,4,0,0.006
6300,126.885,72,60.38,226,9,96.17,15,151,19,20,1,0,0.004
6285,150.2901,86,37.16,58,4,93.55,1,15,-1,3,4,0,0
6265,164.1257,94,44.58,115,7,94.26,7,50,13,14,1,0,0
6259,138.0109,79,49.81,65,4,94.2,6,0,10,16,6,0,0.332
6223,122.5843,70,49.67,56,4,93.33,0,12,8,9,1,0,0
6217,160.7134,93,44.91,96,6,94.12,6,46,20,26,6,0,0
6216,93.878,54,45.77,55,3,94.83,13,11,5,7,2,0,0.194
6208,203.7167,118,46.64,38,2,95,7,39,5,7,2,0,0.019
6205,165.2579,95,38.07,65,3,95.59,1,7,3,5,2,0,0
6188,135.6904,78,54.92,51,3,94.44,1,8,13,15,2,0,0
6185,223.5561,130,40.46,92,6,93.88,10,13,11,13,2,0,2.828
6183,133.4391,77,44.63,37,5,88.1,2,1,-1,4,5,0,0.253
6182,129.8473,75,51.97,62,3,95.38,1,21,11,11,0,0,0
6155,189.7771,110,43.33,28,0,100,0,8,2,6,4,0,0.027
6143,148.3781,86,44.33,116,5,95.87,6,46,13,18,5,0,0
6113,154.0353,90,36.39,53,1,98.15,0,14,-1,1,2,0,0
6112,156.7189,92,39.33,46,2,95.83,2,25,2,3,1,0,0
6110,120.2651,70,57.6,196,10,95.15,13,129,17,19,2,0,0.003
6110,153.4373,90,36.14,41,4,91.11,0,13,-3,1,4,0,0
6103,126.3224,74,39.5,47,15,75.81,7,2,4,7,3,0,0.715
6081,131.4239,77,54.36,55,3,94.83,1,7,8,8,0,0,0
6068,156.2173,92,39.53,52,-1,101.96,0,21,0,3,3,0,0
6058,144.1068,85,41.81,96,6,94.12,4,27,9,13,4,0,0
6055,244.8419,145,33.59,38,11,77.55,5,10,0,4,4,0,0.778
6029,144.644,86,36.01,63,1,98.44,2,16,4,6,2,0,0
6005,172.945,103,40.64,28,0,100,0,50,6,8,2,0,0.004
5999,151.7066,91,41.67,73,1,98.65,3,19,3,8,5,0,0
5989,147.0345,88,38.18,61,2,96.83,3,20,6,9,3,0,0
5985,188.2184,113,43.68,22,2,91.67,1,15,-1,1,2,0,0
5982,150.3347,90,42.55,87,4,95.6,8,47,5,14,9,0,0
5970,149.6976,90,43.29,100,1,99.01,3,25,6,8,2,0,0
5969,130.2477,78,49.25,58,3,95.08,5,4,3,3,0,0,0.256
5961,516.2187,311,31.89,115,6,95.04,0,1,37,37,0,0,7.202
5926,149.6817,90,43.36,89,2,97.8,4,33,6,13,7,0,0
5923,157.8746,95,39.07,60,1,98.36,1,18,2,3,1,0,0
5922,144.5634,87,43.63,118,6,95.16,5,38,7,8,1,0,0
5920,135.454,82,44.53,59,7,89.39,3,4,6,12,6,0,0.414
5920,156.7539,95,38.4,65,1,98.48,2,9,4,5,1,0,0
5912,246.3229,149,27.29,43,55,43.88,10,11,12,18,6,0,1.943
5895,144.2058,88,40.85,51,3,94.44,1,13,5,7,2,0,0
5894,146.106,89,60.82,91,1,98.91,0,13,9,11,2,0,0
5890,144.5651,88,42.02,71,5,93.42,3,32,5,11,6,0,0
5861,120.6715,74,47.25,64,2,96.97,3,1,7,10,3,0,0.257
5859,137.8101,84,42.54,127,7,94.78,7,40,8,12,4,0,0
5852,141.6521,87,41.42,104,2,98.11,6,31,11,16,5,0,0
5846,190.8569,117,46.43,32,2,94.12,2,50,4,6,2,0,0.004
5844,140.4582,86,39.98,60,2,96.77,4,18,3,5,2,0,0
5796,147.9123,91,37.58,54,5,91.53,0,19,6,8,2,0,0
5787,246.7247,153,41.18,82,3,96.47,7,6,20,24,4,0,3.008
5779,128.4004,79,41.26,49,3,94.23,4,1,-3,4,7,0,0.561
5769,134.3997,83,41.9,56,3,94.92,3,3,1,6,5,0,0.38
5755,137.0323,85,36.54,54,4,93.1,0,9,2,5,3,0,0
5749,138.7425,86,40.58,54,3,94.74,1,15,3,5,2,0,0.002
5739,142.7467,89,44.24,95,7,93.14,4,37,6,10,4,0,0
5725,154.1403,96,42.64,39,3,92.86,4,23,1,3,2,0,0
5720,133.0527,83,56.35,49,1,98,0,19,7,7,0,0,0
5720,121.0404,76,51.91,47,3,94,4,25,0,6,6,0,0
5706,143.7339,90,37.05,73,2,97.33,0,11,2,5,3,0,0
5701,153.0556,96,57.59,32,1,96.97,1,19,3,4,1,0,0.532
5698,151.9463,96,40.37,32,2,94.12,0,9,0,2,2,0,0
5691,149.0669,94,39.28,34,1,97.14,4,15,3,4,1,0,0
5654,148.8333,94,39.08,52,1,98.11,2,28,2,5,3,0,0
5651,145.7087,92,38.28,41,1,97.62,1,15,3,7,4,0,0
5638,136.4504,87,39.17,53,1,98.15,1,14,5,5,0,0,0
5626,120.4802,77,42.07,58,2,96.67,5,0,4,8,4,0,0.311
5621,139.8383,89,43.64,88,7,92.63,5,46,14,22,8,0,0
5614,139.7975,89,38.21,36,1,97.3,5,18,6,6,0,0,0
5610,140.238,89,43.81,94,7,93.07,4,20,9,10,1,0,0
5602,171.3582,110,42.79,34,2,94.44,0,13,3,5,2,0,0
5602,141.6317,91,43.14,56,1,98.25,3,25,1,1,0,0,0
5589,139.7949,90,43.84,109,1,99.09,11,44,8,11,3,0,0
5587,273.6767,176,40.76,66,4,94.29,15,10,37,43,6,1,3.599
5581,140.6649,90,37.25,45,2,95.74,1,8,-2,2,4,0,0
5575,135.4249,87,37.57,56,1,98.25,2,14,4,7,3,0,0
5573,130.8081,84,35.42,49,1,98,3,14,3,5,2,0,0
5559,147.3873,95,37.6,36,1,97.3,3,7,-1,0,1,0,0
5554,141.0952,91,39.31,45,3,93.75,0,10,-2,1,3,0,0
5551,139.2116,90,44.96,129,6,95.56,2,45,6,8,2,0,0
5548,125.9602,81,50.75,65,7,90.28,1,0,4,7,3,0,0.273
5541,117.7288,76,42.62,43,0,100,3,1,4,9,5,0,0.229
5538,113.4667,73,44.79,53,2,96.36,1,4,5,8,3,0,0.212
5537,146.1817,95,40.22,55,1,98.21,7,14,4,9,5,0,0
5510,173.179,113,44,35,1,97.22,1,3,3,5,2,0,0
5504,111.4962,72,44.18,49,3,94.23,2,0,5,7,2,0,0.225
5487,138.3786,90,42.84,83,1,98.81,8,35,7,11,4,0,0
5473,139.0893,91,38.83,43,3,93.48,0,21,0,4,4,0,0
5472,143.6509,94,44.51,76,7,91.57,3,38,11,13,2,0,0
5462,123.8358,81,34.57,32,3,91.43,1,14,-1,2,3,0,0
5445,144.8765,95,45.37,81,6,93.1,4,31,7,11,4,0,0
5441,128.645,85,57.52,69,5,93.24,1,13,10,12,2,0,0
5439,132.4054,87,41.49,48,5,90.57,5,0,6,6,0,0,0.187
5434,113.5375,75,60.84,351,10,97.23,21,121,24,29,5,0,0.003
5432,131.1695,86,58.74,54,1,98.18,0,12,11,17,6,0,0
5422,210.9085,140,27.5,51,2,96.23,3,2,7,11,4,0,2.689
5422,143.88,95,45.37,120,4,96.77,6,35,12,15,3,0,0
5419,136.3196,90,44.28,108,5,95.58,7,29,8,10,2,0,0
5417,116.5074,77,51.2,33,1,97.06,0,13,4,6,2,0,0
5411,138.1646,91,43.84,98,4,96.08,4,48,5,10,5,0,0
5402,135.8286,90,43.85,94,3,96.91,3,42,3,6,3,0,0
5394,137.0631,91,42.99,45,7,86.54,1,18,8,8,0,0,0
5388,132.8103,88,29.33,45,8,84.91,10,1,1,9,8,0,1.857
5379,116.5449,78,43.89,49,6,89.09,4,1,-2,5,7,0,0.507
5379,137.49,92,37.55,66,3,95.65,1,18,4,6,2,0,0
5378,137.8347,92,44.32,104,10,91.23,3,42,15,20,5,0,0
5371,140.2296,93,43.51,71,8,89.87,7,40,3,9,6,0,0
5364,137.8644,92,38.82,80,2,97.56,5,21,2,4,2,0,0
5360,140.2112,94,46.18,98,6,94.23,7,32,8,13,5,0,0
5359,143.6624,96,39.2,60,2,96.77,1,7,5,6,1,0,0
5357,113.7057,76,62.18,214,4,98.17,15,151,16,18,2,0,0.003
5354,106.4125,71,59.15,200,8,96.15,8,113,13,19,6,0,0.003
5350,118.0331,79,63.68,238,10,95.97,19,185,18,23,5,0,0.005
5348,139.5107,93,37.08,66,1,98.51,3,7,-1,2,3,0,0
5331,138.4586,93,42.91,62,1,98.41,2,25,4,14,10,0,0
5328,132.3832,89,42.88,102,2,98.08,6,37,9,12,3,0,0
5310,132.7991,90,42.05,40,2,95.24,4,17,-2,1,3,0,0
5310,129.9613,88,37.63,50,4,92.59,4,18,4,6,2,0,0
5308,121.1727,82,43.46,57,3,95,5,0,1,7,6,0,0.321
5298,305.9092,207,30.19,86,18,82.69,14,17,21,25,4,1,2.88
5287,140.417,95,40.85,22,4,84.62,2,13,2,4,2,0,0
5280,141.4858,96,39.75,37,4,90.24,1,13,-2,3,5,0,0
5255,90.0808,61,50.53,46,6,88.46,4,0,-1,3,4,0,0.116
5253,138.8281,95,40.26,14,3,82.35,1,12,-1,3,4,0,0
5237,127.0395,87,37.93,43,5,89.58,1,17,1,3,2,0,0
5232,130.3095,89,39.3,48,2,96,1,14,1,4,3,0,0
5225,114.9837,79,44.66,38,5,88.37,2,0,1,6,5,0,0.221
5208,134.3063,92,43.56,82,2,97.62,2,44,5,5,0,0,0
5198,126.5168,87,37.36,46,4,92,1,14,1,2,1,0,0
5190,138.2778,95,39.43,40,1,97.56,4,8,0,2,2,0,0
5189,133.1875,92,38.18,73,1,98.65,1,15,1,2,1,0,0
5182,134.2477,93,44.37,72,3,96,6,32,7,11,4,0,0
5178,133.7894,93,37.04,43,2,95.56,1,12,0,2,2,0,0
5125,110.0757,77,45.67,49,7,87.5,2,0,3,7,4,0,0.228
5125,122.6966,86,36.73,37,2,94.87,0,7,-1,3,4,0,0
5120,129.141,90,38.95,38,1,97.44,1,17,1,4,3,0,0
5112,117.6428,82,55.86,48,2,96,2,7,7,7,0,0,0
5102,124.59,87,37.33,41,4,91.11,2,14,3,4,1,0,0
5093,128.0878,90,39.06,44,0,100,1,24,4,4,0,0,0
5091,130.2409,92,42.93,38,3,92.68,0,12,0,2,2,0,0
5088,128.2939,90,43.17,86,3,96.63,2,33,9,11,2,0,0
5076,129.979,92,43.73,85,1,98.84,3,39,11,11,0,0,0
5061,137.5188,97,41.84,29,2,93.55,0,13,3,3,0,0,0
5051,130.8394,93,40.12,48,8,85.71,0,26,-1,2,3,0,0
5047,130.9765,93,40.02,54,3,94.74,2,23,4,4,0,0,0
5044,115.0256,82,46.25,45,6,88.24,3,2,4,8,4,0,0.267
5028,119.7009,85,36.24,30,1,96.77,0,6,4,5,1,0,0
5025,132.8708,95,38.9,44,1,97.78,1,6,4,7,3,0,0
5023,126.912,90,44.17,97,5,95.1,8,27,11,13,2,0,0
5019,100.9025,72,60.1,188,9,95.43,16,141,17,17,0,0,0.005
5015,104.1996,74,51.52,37,2,94.87,0,18,4,6,2,0,0
5010,100.9726,72,60.55,221,8,96.51,9,135,15,17,2,0,0.008
4998,94.8691,68,55.2,130,13,90.91,7,88,8,9,1,0,0
4994,128.0515,92,38.58,63,1,98.44,1,9,0,2,2,0,0
4985,118.4401,85,43.25,106,3,97.25,4,41,13,17,4,0,0
4982,127.6092,92,41.47,49,1,98,3,23,2,2,0,0,0
4978,122.7754,88,38.88,42,1,97.67,0,18,4,5,1,0,0
4975,130.9709,94,40.47,78,2,97.5,0,17,1,2,1,0,0
4974,126.9506,91,38.33,56,3,94.92,1,16,2,7,5,0,0
4973,136.5209,98,40.01,46,1,97.87,3,21,-1,4,5,0,0
4967,109.3934,79,42.66,48,4,92.31,1,1,5,5,0,0,0.338
4950,130.1283,94,39.51,63,0,100,1,9,-1,1,2,0,0
4949,121.0661,88,37.16,35,2,94.59,1,17,2,7,5,0,0
4941,204.6602,149,27.01,38,25,60.32,10,4,7,14,7,0,1.415
4934,126.3399,92,38.02,36,1,97.3,1,12,-2,3,5,0,0
4933,125.7358,91,38.52,37,1,97.37,2,13,6,8,2,0,0
4932,114.1024,83,36.16,50,2,96.15,2,14,-2,2,4,0,0
4912,125.4159,91,39.17,31,4,88.57,2,12,-1,0,1,0,0
4903,129.5989,95,39.53,57,4,93.44,1,17,4,8,4,0,0
4894,124.1514,91,41.09,28,3,90.32,0,12,4,5,1,0,0
4892,102.4864,75,60.47,193,9,95.54,15,156,17,22,5,0,0.004
4863,127.4112,94,38.91,44,1,97.78,1,12,3,4,1,0,0
4861,126.5547,93,38.77,49,1,98,0,7,-1,1,2,0,0
4856,130.2763,96,41.71,38,2,95,2,15,0,1,1,0,0
4850,120.1317,89,40.36,37,5,88.1,3,5,-2,4,6,0,0
4849,121.4004,90,43.36,95,5,95,5,34,3,10,7,0,0
4828,119.6591,89,42.62,96,7,93.2,8,38,3,9,6,0,0
4827,96.1975,71,55.32,178,6,96.74,9,85,11,15,4,0,0
4825,159.6046,119,46.84,9,0,100,0,6,1,1,0,0,0.006
4820,127.1371,94,40.42,32,1,96.97,1,13,0,1,1,0,0
4813,128.9369,96,41.56,45,0,100,2,12,2,2,0,0,0
4809,120.6119,90,37.73,37,3,92.5,0,18,5,7,2,0,0
4802,116.106,87,41.89,64,2,96.97,2,30,1,2,1,0,0
4793,135.6701,101,42.19,53,1,98.15,3,16,0,3,3,0,0
4792,92.9672,69,54.28,193,7,96.5,6,107,10,13,3,0,0.003
4778,117.852,88,35.92,27,1,96.43,0,10,1,5,4,0,0
4767,128.3401,96,40.34,48,2,96,1,22,1,2,1,0,0
4763,139.8674,105,41.29,12,1,92.31,3,29,3,3,0,0,0.013
4754,115.0303,87,42.99,119,1,99.17,3,39,1,9,8,0,0
4743,118.5275,89,45.64,101,4,96.19,8,19,12,14,2,0,0
4734,117.3849,89,37.87,34,1,97.14,1,10,-2,1,3,0,0
4716,99.9396,76,60.75,219,11,95.22,14,139,13,13,0,0,0
4715,102.2813,78,33.41,15,0,100,0,7,2,4,2,0,0.069
4712,121.1819,92,37.66,34,1,97.14,1,18,2,5,3,0,0
4709,116.2927,88,38.24,29,0,100,2,18,2,5,3,0,0
4696,113.9028,87,36.88,40,5,88.89,2,19,4,7,3,0,0
4696,122.8612,94,39.06,37,3,92.5,0,9,3,6,3,0,0
4695,107.3172,82,42.12,42,6,87.5,1,2,5,6,1,0,0.286
4692,116.42,89,42.92,94,2,97.92,6,30,4,6,2,0,0
4690,121.1068,92,38.33,44,1,97.78,1,22,-2,1,3,0,0
4686,125.514,96,44.53,81,4,95.29,7,44,10,10,0,0,0
4677,114.6099,88,38.52,45,2,95.74,1,8,5,5,0,0,0
4662,123.6304,95,40.62,43,2,95.56,2,15,0,2,2,0,0
4661,110.3015,85,37.02,34,2,94.44,0,16,-2,2,4,0,0
4648,108.4295,83,36.43,39,3,92.86,1,0,8,11,3,0,0.549
4648,116.5327,90,41.78,54,4,93.1,8,19,4,8,4,0,0
4648,119.0654,92,38.21,25,2,92.59,1,13,3,4,1,0,0
4643,98.5419,76,60.32,198,7,96.59,15,152,13,14,1,0,0
4641,109.5986,85,47.99,29,6,82.86,1,1,1,4,3,0,0.181
4632,118.4157,92,39.05,43,3,93.48,3,15,2,2,0,0,0
4632,117.9627,91,40.26,39,0,100,0,10,3,5,2,0,0
4628,188.7111,146,28.03,17,31,35.42,3,11,4,9,5,0,1.113
4628,121.1432,94,40.35,41,3,93.18,1,7,2,3,1,0,0
4627,117.0495,91,38.78,51,2,96.23,2,8,0,3,3,0,0
4625,71.5602,55,42.29,48,1,97.96,8,7,2,6,4,0,0.189
4618,113.032,88,42.63,56,7,88.89,5,39,6,7,1,0,0
4617,117.2159,91,38.29,51,-1,102,0,6,1,3,2,0,0
4615,98.3688,76,39.79,53,0,100,5,2,5,7,2,0,0.37
4615,122.1605,95,38.49,45,-1,102.27,1,7,2,2,0,0,0
4611,119.6303,93,38.64,34,2,94.44,1,7,2,4,2,0,0
4610,127.8546,99,42.06,25,0,100,2,17,-3,2,5,0,0
4608,115.3003,90,39.03,56,2,96.55,1,10,4,8,4,0,0
4605,117.879,92,45.06,107,1,99.07,7,34,6,10,4,0,0
4600,115.3827,90,38.6,58,6,90.63,1,16,0,2,2,0,0
4597,117.5624,92,38.99,40,3,93.02,5,17,4,5,1,0,0
4589,122.5854,96,41.26,62,3,95.38,3,19,0,2,2,0,0
4582,113.5787,89,37.52,56,1,98.25,1,5,-1,0,1,0,0
4579,114.9179,90,42.57,80,1,98.77,4,37,11,13,2,0,0
4567,89.8538,70,40.25,56,1,98.25,18,5,-3,8,11,2,0.221
4563,76.9799,60,52.07,46,2,95.83,2,1,-6,0,6,0,0.149
4549,116.8845,92,41,32,2,94.12,4,2,-1,4,5,0,0.247
4533,73.5496,58,45.55,34,4,89.47,4,5,7,7,0,0,0.114
4507,196.8155,157,32.38,39,13,75,4,4,10,16,6,0,1.175
4496,211.4786,169,31.8,25,11,69.44,6,8,2,7,5,0,1.222
4489,188.0774,150,29.54,40,15,72.73,2,5,10,10,0,0,1.078
4414,199.2035,162,39.47,74,5,93.67,6,9,16,18,2,0,2.458
4403,104.7777,85,42.36,34,4,89.47,7,4,-2,3,5,0,0.384
4385,91.6445,75,44,38,1,97.44,1,4,0,4,4,0,0.19
4364,171.5622,141,20.78,40,1,97.56,9,6,-7,4,11,0,2.372
4336,195.2977,162,31.31,38,13,74.51,2,7,4,11,7,0,1.331
4332,107.6668,89,41.69,38,0,100,1,3,1,7,6,0,0.325
4325,145.0905,120,29.32,34,3,91.89,1,4,6,9,3,0,1.218
4305,105.4694,88,43.3,37,1,97.37,1,1,-5,0,5,0,0.187
4218,158.7603,135,40.72,42,5,89.36,2,5,13,15,2,0,1.894
4200,112.7565,96,43.83,34,4,89.47,4,1,2,5,3,0,0.256
4142,108.4466,94,36.87,40,2,95.24,2,2,4,7,3,0,0.361
4131,98.4774,85,44.53,32,6,84.21,2,1,3,4,1,0,0.277
4129,102.8435,89,43.4,30,3,90.91,4,1,4,7,3,0,0.343
4090,156.2538,137,38.67,59,2,96.72,6,1,19,19,0,0,1.652
3974,167.5705,151,36.79,21,12,63.64,6,4,8,12,4,0,0.772
3939,121.8357,111,34.77,33,4,89.19,0,1,5,7,2,0,0.566
3939,89.3721,81,42.67,19,4,82.61,3,1,5,6,1,0,0.174
3890,108.1337,100,38.44,34,0,100,4,2,4,9,5,0,0.465
3835,66.4084,62,50.82,26,2,92.86,0,3,-3,1,4,0,0.101
3831,135.0781,126,29.18,32,3,91.43,4,0,7,10,3,0,1.419
3825,90.3734,85,42.43,36,1,97.3,4,0,1,4,3,0,0.288
3824,108.595,102,37.12,43,1,97.73,0,0,7,7,0,0,0.461
3745,140.4824,135,37.12,30,2,93.75,0,4,3,10,7,0,0.852
3682,140.036,136,21.48,21,7,75,11,3,1,5,4,0,2.718
3670,86.0368,84,41.6,38,4,90.48,2,0,-1,1,2,0,0.22
3629,114.1888,113,38.17,38,3,92.68,1,3,1,9,8,0,0.788
3624,100.5618,99,35.11,30,3,90.91,6,0,1,6,5,0,0.509
3598,107.7273,107,27.13,21,4,84,7,2,0,6,6,0,1.892
3518,132.6393,135,40.03,39,4,90.7,4,4,14,18,4,0,2.037
3515,100.2817,102,43.31,32,6,84.21,2,0,0,5,5,0,0.272
3504,77.5627,79,40.97,35,2,94.59,5,0,2,5,3,0,0.222
3500,137.1391,141,39.56,21,11,65.63,8,2,0,8,8,0,0.809
3467,131.3931,136,38.18,23,4,85.19,1,8,-1,5,6,0,0.64
3443,81.4016,85,39.83,18,1,94.74,6,1,-1,0,1,0,0.316
3388,150.7348,160,37.89,34,11,75.56,4,3,-1,3,4,0,0.851
3383,129.3626,137,40.4,57,5,91.94,5,8,13,13,0,0,1.833
3300,73.2476,79,41.97,23,2,92,1,1,-2,0,2,0,0.177
3267,95.2124,104,36.38,25,0,100,4,0,2,6,4,0,0.531
3218,103.206,115,37.97,20,2,90.91,0,3,2,5,3,0,0.305
3206,132.7976,149,32.28,14,8,63.64,6,0,3,7,4,0,0.88
3197,270.7534,304,31,39,2,95.12,3,0,6,9,3,0,4.219
3188,81.0972,91,38.2,23,0,100,2,2,-1,1,2,0,0.389
3137,99.8263,114,37.62,27,5,84.38,5,1,-4,2,6,0,0.447
3127,103.6472,119,43.4,18,5,78.26,3,5,3,6,3,0,0.332
3111,92.713,107,36.93,25,1,96.15,3,3,1,5,4,0,0.176
3088,118.536,138,34.81,29,7,80.56,1,7,-1,5,6,0,1.098
3081,76.1158,88,42.23,29,4,87.88,0,0,-2,2,4,0,0.22
3078,77.2362,90,43.71,37,3,92.5,3,2,0,2,2,0,0.228
3078,85.524,100,39.5,20,1,95.24,2,3,0,2,2,0,0.252
3066,53.7614,63,49.63,28,2,93.33,2,3,2,4,2,0,0.133
3037,114.9966,136,33.6,25,8,75.76,6,9,2,5,3,0,0.667
3022,75.6507,90,35.6,27,4,87.1,3,1,-4,0,4,0,0.22
2990,75.7475,91,38.83,37,2,94.87,1,1,3,5,2,0,0.296
2988,85.4413,102,41.06,37,2,94.87,1,1,2,5,3,0,0.296
2976,213.5694,258,29.34,30,7,81.08,1,3,6,9,3,1,3.746
2974,91.9052,111,39.59,57,4,93.44,6,3,-3,7,10,1,0.67
2954,206.8328,252,32.86,51,6,89.47,17,0,11,19,8,8,3.957
2925,175.9534,216,41.24,15,10,60,15,1,-3,1,4,0,1.598
2893,220.1259,273,29.19,35,5,87.5,4,2,7,9,2,0,4.223
2892,177.5651,221,43.22,15,9,62.5,7,0,1,5,4,0,1.535
2871,88.7147,111,41.94,27,3,90,2,1,-2,3,5,0,0.294
2869,90.9917,114,41.78,25,0,100,4,2,6,7,1,0,0.44
2777,72.6222,94,39.63,31,1,96.88,3,0,2,7,5,0,0.344
2774,84.5652,109,29.07,39,4,90.7,11,1,-11,2,13,1,1.219
2757,104.4346,136,35.78,23,5,82.14,5,4,4,7,3,0,0.893
2756,107.6318,140,40.37,17,6,73.91,2,6,3,5,2,0,0.541
2755,127.4036,166,43.31,29,1,96.67,4,2,1,2,1,0,0.822
2719,104.8637,138,36.26,23,4,85.19,3,4,8,12,4,0,0.702
2711,109.7367,145,34.71,15,6,71.43,2,3,-1,2,3,0,0.587
2708,107.4622,142,31.45,25,4,86.21,3,2,15,15,0,0,0.895
2685,193.7436,259,29.57,28,6,82.35,6,3,14,17,3,1,3.377
2685,122.2482,163,40.01,16,8,66.67,0,4,5,6,1,0,1.368
2679,100.2701,134,37.84,25,3,89.29,5,2,6,10,4,0,0.491
2671,54.7408,73,46.41,28,3,90.32,5,0,1,5,4,0,0.15
2661,106.2872,143,33.08,21,5,80.77,1,2,4,6,2,0,0.75
2661,69.0327,93,40.09,30,1,96.77,3,0,4,6,2,0,0.421
2652,53.0263,71,46.79,28,2,93.33,3,0,-1,2,3,0,0.073
2642,95.3757,129,34.19,21,3,87.5,4,10,1,5,4,0,0.546
2597,102.4862,142,31.05,24,5,82.76,1,5,5,13,8,0,0.848
2589,47.4207,65,49.28,20,5,80,2,3,0,4,4,0,0.093
2583,107.354,149,33.87,24,2,92.31,2,2,-1,7,8,0,0.298
2526,76.0343,108,36.81,33,1,97.06,0,0,0,3,3,0,0.449
2510,101.427,145,33.35,19,5,79.17,2,1,6,12,6,0,0.72
2505,104.6831,150,33.66,26,1,96.3,4,2,1,4,3,0,0.461
2500,134.0897,193,44.59,16,5,76.19,9,0,1,3,2,0,0.838
2478,99.8382,145,40.5,11,7,61.11,3,4,3,5,2,0,0.797
2465,94.221,137,34.83,21,4,84,0,2,1,6,5,0,0.545
2465,45.8368,66,45.36,22,1,95.65,2,3,0,2,2,0,0.105
2464,110.9005,162,31.82,15,14,51.72,3,1,4,7,3,0,1.176
2432,102.9893,152,33.42,18,2,90,8,2,-3,4,7,0,0.346
2426,96.9704,143,31.86,17,3,85,0,6,6,6,0,0,0.65
2410,101.4009,151,40.44,13,5,72.22,1,4,0,6,6,0,0.551
2405,97.6081,146,33.61,46,5,90.2,8,4,-23,1,24,1,0.652
2392,103.6685,156,33.63,16,1,94.12,1,4,5,9,4,0,0.377
2390,67.4947,101,38.83,24,1,96,1,1,0,4,4,0,0.276
2385,91.0919,137,32.74,16,-1,106.67,3,3,2,4,2,0,0.542
2380,103.0541,155,34.82,20,4,83.33,4,7,-5,2,7,0,0.328
2371,72.0486,109,39.52,20,2,90.91,5,0,0,4,4,0,0.51
2367,153.0648,232,30.34,30,5,85.71,0,0,12,14,2,0,1.531
2363,79.131,120,41.28,15,4,78.95,1,1,3,5,2,0,0.38
2358,48.6251,74,44.64,15,2,88.24,2,0,0,4,4,0,0.114
2352,44.1706,67,56.02,13,3,81.25,3,0,0,2,2,0,0.107
2348,66.0482,101,38.1,22,0,100,3,0,-2,2,4,0,0.263
2341,69.0004,106,36.88,27,1,96.43,5,0,1,5,4,0,0.462
2334,262.9608,405,39.7,29,3,90.63,1,2,9,11,2,0,3.081
2332,73.051,112,31.59,13,5,72.22,2,3,5,7,2,0,0.369
2297,94.6924,148,35.13,13,8,61.9,2,3,3,4,1,0,0.661
2296,82.8413,129,38.5,20,3,86.96,4,6,0,2,2,0,0.291
2285,80.0167,126,36.53,18,2,90,5,5,2,4,2,0,0.27
2281,72.2745,114,39.52,18,4,81.82,2,0,-3,0,3,0,0.342
2278,92.4378,146,39.81,26,1,96.3,1,2,4,8,4,0,0.671
2273,100.4127,159,30.83,9,2,81.82,1,1,1,5,4,0,1.039
2272,94.2974,149,30.93,12,6,66.67,3,1,1,7,6,0,0.827
2266,60.4786,96,39.92,17,3,85,0,0,0,4,4,0,0.351
2252,72.5909,116,31.79,24,4,85.71,4,5,1,5,4,0,0.53
2239,92.7987,149,34.09,20,3,86.96,2,4,-2,1,3,0,0.321
2224,96.3879,156,33.26,16,3,84.21,2,0,5,10,5,0,0.575
2223,74.1332,120,30.16,32,3,91.43,1,3,4,8,4,0,0.332
2223,78.8795,127,37.51,24,4,85.71,6,6,-2,6,8,0,0.334
2222,94.3102,152,42.8,10,2,83.33,2,4,-1,2,3,0,0.744
2203,49.0852,80,41.62,23,2,92,2,0,-4,2,6,0,0.121
2193,93.8946,154,34.52,23,4,85.19,2,2,0,5,5,0,0.278
2188,68.2688,112,35.5,16,3,84.21,2,1,1,3,2,0,0.349
2184,70.4893,116,34.89,22,3,88,1,2,-3,4,7,0,0.51
2173,98.1529,162,30.07,12,1,92.31,2,1,5,5,0,0,0.966
2173,41.9389,69,57.59,13,4,76.47,4,3,-3,0,3,0,0.139
2168,71.4908,118,41.47,23,1,95.83,1,1,2,5,3,0,0.471
2156,88.1965,147,32.24,26,1,96.3,0,8,1,2,1,0,0.643
2147,84.7874,142,30.54,14,2,87.5,5,2,2,4,2,0,0.791
2139,96.5232,162,36.31,18,5,78.26,2,3,2,4,2,0,0.785
2133,84.9418,143,36.55,14,8,63.64,2,3,1,4,3,0,0.558
2131,94.4824,159,33.47,11,8,57.89,7,4,2,3,1,0,1.006
2126,56.7469,96,36.42,20,2,90.91,3,0,1,5,4,0,0.193
2122,93.9993,159,32.12,16,3,84.21,2,1,-1,2,3,0,1.191
2119,67.7711,115,40.13,25,6,80.65,3,1,-1,1,2,0,0.319
2113,104.7708,178,30.89,11,4,73.33,8,2,-1,3,4,0,1.277
2113,90.1533,153,35.9,13,6,68.42,3,3,-1,3,4,0,0.675
2112,96.9844,165,34.61,14,0,100,2,2,0,4,4,0,0.473
2108,90.7868,155,34.39,14,1,93.33,2,1,7,7,0,0,0.72
2108,62.6918,107,37.7,21,1,95.45,0,4,3,6,3,0,0.298
2100,90.3371,154,37.36,8,6,57.14,5,1,4,6,2,0,0.73
2082,73.374,126,34.45,16,4,80,4,1,0,1,1,0,0.549
2078,84.5985,146,38.52,15,6,71.43,2,1,2,4,2,0,0.7
2076,94.3593,163,38.6,17,3,85,5,2,-2,2,4,0,0.871
2075,41.195,71,43.35,22,1,95.65,0,1,2,5,3,0,0.131
2074,83.0423,144,35.37,15,6,71.43,1,0,6,8,2,0,1.053
2072,63.9154,111,36.69,12,1,92.31,0,0,1,1,0,0,0.196
2061,79.286,138,37.5,11,3,78.57,1,1,2,5,3,0,0.637
2058,111.0318,194,42.19,12,6,66.67,4,1,-1,4,5,0,0.718
2055,45.9687,80,38.97,15,3,83.33,1,4,0,3,3,0,0.075
2038,88.3172,156,32.54,3,5,37.5,2,2,3,5,2,0,0.648
2017,86.2271,153,32.9,12,9,57.14,3,3,0,2,2,0,0.89
2008,82.6242,148,30.88,15,5,75,3,1,-1,4,5,0,0.909
1991,211.4365,382,37.46,36,0,100,2,4,2,4,2,0,2.322
1989,83.5096,151,32.48,23,5,82.14,3,2,4,7,3,0,0.661
1985,80.3645,145,33.46,15,2,88.24,4,4,-6,1,7,0,0.5
1972,80.7222,147,35.32,16,9,64,2,3,7,7,0,0,0.731
1972,39.2505,71,40,14,3,82.35,4,1,-5,0,5,0,0.133
1967,68.0515,124,32.74,19,0,100,2,2,1,5,4,0,0.248
1957,79.7113,146,33.91,14,6,70,4,0,-3,2,5,0,0.494
1945,123.8923,229,30.55,17,1,94.44,0,0,2,7,5,0,1.424
1938,74.3193,138,31.42,25,3,89.29,1,3,0,1,1,0,0.651
1935,81.8963,152,30.66,19,2,90.48,2,2,-3,4,7,0,0.808
1913,73.8595,138,36.12,16,1,94.12,1,2,-3,4,7,0,0.387
1911,84.9576,160,36.05,22,1,95.65,2,3,1,5,4,0,0.735
1902,72.0576,136,30.8,13,3,81.25,1,0,5,10,5,0,0.322
1896,93.4103,177,39.89,10,4,71.43,3,5,1,4,3,0,0.653
1894,61.9452,117,35.6,4,1,80,1,1,2,3,1,0,0.311
1891,47.0915,89,41.81,14,2,87.5,2,0,-2,2,4,0,0.112
1889,77.5213,147,31.1,22,2,91.67,6,2,5,8,3,0,0.759
1882,45.1968,86,42.28,7,3,70,2,2,-1,1,2,0,0.209
1871,41.9714,80,41.52,13,3,81.25,2,0,-1,4,5,0,0.088
1860,62.7939,121,35.54,19,5,79.17,0,0,0,1,1,0,0.264
1855,72.2517,140,30.11,13,1,92.86,0,2,-1,4,5,0,0.519
1846,99.4005,193,31.67,9,1,90,0,0,-1,2,3,0,0.579
1842,59.5668,116,38.8,8,1,88.89,0,0,2,3,1,0,0.284
1837,43.5444,85,40.48,19,4,82.61,0,1,0,4,4,0,0.117
1832,68.574,134,35.94,19,2,90.48,3,4,1,4,3,0,0.421
1827,69.317,136,35.15,10,1,90.91,1,0,5,8,3,0,0.56
1818,62.2064,123,37.82,16,4,80,2,1,5,5,0,0,0.306
1812,73.4837,145,33.46,14,4,77.78,0,2,-1,4,5,0,0.174
1809,74.6808,148,30.5,17,1,94.44,2,3,0,4,4,0,0.263
1806,72.1764,143,33.05,13,2,86.67,3,1,-6,0,6,0,0.407
1806,40.8276,81,44.14,15,1,93.75,4,1,-3,1,4,0,0.084
1805,41.6253,83,36.42,21,0,100,3,1,-2,1,3,0,0.118
1799,75.1061,150,34.36,13,4,76.47,1,1,-1,4,5,0,0.273
1799,42.3007,84,44.73,17,3,85,2,0,1,4,3,0,0.208
1790,35.1632,70,40.22,12,0,100,4,2,2,4,2,0,0.06
1786,40.4326,81,42.45,11,2,84.62,1,0,0,2,2,0,0.079
1781,37.608,76,43.94,20,2,90.91,3,1,1,2,1,0,0.065
1779,85.2728,172,35.57,13,2,86.67,0,4,6,9,3,0,0.542
1772,71.8828,146,31.75,21,0,100,1,4,0,3,3,0,0.417
1766,66.5898,135,32.05,14,3,82.35,1,0,0,3,3,0,0.316
1764,70.6749,144,36.52,13,3,81.25,2,0,-5,1,6,0,0.323
1763,61.9905,126,38.88,7,2,77.78,2,0,1,2,1,0,0.225
1762,114.0647,233,37.74,28,1,96.55,4,2,7,11,4,0,1.063
1757,64.3556,131,30.92,6,2,75,3,2,1,5,4,0,0.244
1749,63.9198,131,34.3,9,3,75,3,0,1,4,3,0,0.509
1745,32.688,67,43.55,16,2,88.89,3,0,-2,0,2,0,0.066
1742,44.2459,91,39.02,25,5,83.33,3,0,3,6,3,0,0.252
1716,34.661,72,39.04,11,0,100,2,0,-3,1,4,0,0.072
1714,75.8877,159,33.04,15,2,88.24,0,2,-1,5,6,0,0.371
1709,69.6093,146,35.84,18,6,75,3,2,-8,0,8,0,0.302
1708,100.8112,212,31.17,18,2,90,4,0,1,5,4,0,1.076
1698,71.7757,152,33.65,11,2,84.62,0,6,-5,2,7,0,0.259
1690,79.6372,169,32.82,18,2,90,4,2,-3,3,6,0,0.564
1682,72.2225,154,31.77,14,3,82.35,5,2,1,3,2,0,0.824
1681,34.8569,74,42.27,16,0,100,2,1,-3,1,4,0,0.184
1681,32.7672,70,44.27,33,2,94.29,6,9,-12,0,12,1,0.31
1673,66.6666,143,33.07,22,3,88,2,4,-1,3,4,0,0.411
1649,73.9644,161,33.94,16,3,84.21,3,3,1,5,4,0,0.403
1648,40.2351,87,37.28,10,0,100,2,3,2,2,0,0,0.189
1643,41.1025,90,35.91,15,2,88.24,1,0,1,4,3,0,0.158
1643,38.351,84,41.58,11,0,100,1,2,1,1,0,0,0.107
1637,69.3156,152,34.4,13,12,52,2,0,2,7,5,0,1.805
1636,33.7564,74,41.53,12,0,100,2,3,-5,4,9,0,0.334
1631,61.692,136,32.76,8,1,88.89,1,0,0,0,0,0,0.255
1631,31.9799,70,40.29,12,0,100,1,1,1,5,4,0,0.188
1610,39.0479,87,38.46,8,2,80,2,0,1,3,2,0,0.225
1608,70.7709,158,33.29,20,3,86.96,1,1,-2,7,9,0,0.421
1600,61.0347,137,31.48,13,1,92.86,5,2,2,5,3,0,0.312
1590,33.0884,74,41.13,12,3,80,5,1,-3,0,3,0,0.065
1586,64.3244,146,34.67,20,0,100,1,3,-3,2,5,0,0.289
1578,118.1722,269,36.14,13,3,81.25,1,2,3,3,0,0,2.066
1577,51.6376,117,35.22,11,1,91.67,0,5,1,2,1,0,0.288
1577,64.496,147,32.56,8,1,88.89,2,1,2,3,1,0,0.31
1574,35.9825,82,42.86,22,1,95.65,2,2,0,2,2,0,0.354
1566,33.198,76,41.93,14,2,87.5,2,0,-1,2,3,0,0.047
1565,58.4116,134,31.89,13,0,100,1,0,-1,3,4,0,0.33
1562,68.7855,158,33.51,10,2,83.33,3,3,3,6,3,0,0.329
1554,40.3083,93,39.6,15,2,88.24,2,0,-3,1,4,0,0.245
1551,33.085,76,44.95,15,1,93.75,4,1,-3,2,5,0,0.076
1546,39.6308,92,45.51,24,1,96,1,0,0,1,1,0,0.187
1515,50.6083,120,37.22,7,6,53.85,2,1,1,4,3,0,0.286
1510,53.6523,127,29.67,8,2,80,2,2,-4,0,4,0,0.179
1504,52.8642,126,40.01,11,2,84.62,1,0,-2,1,3,0,0.324
1502,31.9669,76,39.4,12,3,80,6,4,0,0,0,0,0.104
1490,62.0036,149,34.76,11,3,78.57,2,1,-1,4,5,0,0.466
1479,50.1609,122,36.64,10,2,83.33,2,2,-3,0,3,0,0.305
1458,69.7959,172,33.62,19,1,95,2,2,5,5,0,0,0.331
1444,54.1341,134,37.25,10,3,76.92,0,1,-2,4,6,0,0.287
1444,51.0155,127,39.39,13,0,100,0,0,1,3,2,0,0.217
1441,32.3594,80,37,8,1,88.89,0,0,0,1,1,0,0.083
1434,52.0509,130,33.24,9,1,90,1,0,0,4,4,0,0.224
1431,37.2348,93,37.85,11,2,84.62,3,0,-2,1,3,0,0.083
1423,68.4571,173,33.9,12,0,100,0,0,2,3,1,0,0.483
1420,53.0679,134,34.24,18,3,85.71,6,2,4,5,1,0,0.311
1408,55.9939,143,32.76,11,2,84.62,2,3,-1,2,3,0,0.425
1398,146.0735,376,39.51,20,1,95.24,2,1,0,5,5,8,2.125
1398,29.9194,77,39.51,14,2,87.5,0,1,-4,0,4,0,0.148
1393,27.6315,71,39.31,7,1,87.5,0,0,0,0,0,0,0.041
1389,34.273,88,41.33,4,1,80,0,0,0,2,2,0,0.16
1386,148.9015,386,38.29,25,3,89.29,2,6,3,5,2,0,2.436
1381,37.2801,97,36.62,4,1,80,1,0,-1,0,1,0,0.321
1380,55.0676,143,33.34,14,1,93.33,0,4,1,1,0,0,0.218
1377,63.7183,166,32.86,8,5,61.54,0,1,4,4,0,0,0.631
1375,64.5905,169,32.77,20,0,100,1,1,5,10,5,0,0.587
1374,45.8559,120,34.78,9,4,69.23,2,0,-2,1,3,0,0.242
1374,59.218,155,32.24,15,0,100,6,0,-3,3,6,0,0.395
